-9.997548460960388184e-01,-9.983332753181457520e-01,-9.991878271102905273e-01,-9.999933838844299316e-01,9.994598031044006348e-01,9.937822818756103516e-01,-9.999939799308776855e-01,9.999190568923950195e-01,-9.982318282127380371e-01,-9.962968826293945312e-01,1.466721296310424805e-02,9.926418662071228027e-01,9.978023767471313477e-01,9.962261319160461426e-01,-6.863287091255187988e-01
9.993586540222167969e-01,9.965649843215942383e-01,-9.991931915283203125e-01,-9.998021125793457031e-01,9.995705485343933105e-01,9.999977946281433105e-01,-9.999823570251464844e-01,9.999108314514160156e-01,-9.982266426086425781e-01,-9.998816847801208496e-01,9.709953665733337402e-01,-9.999430775642395020e-01,2.129977345466613770e-01,-9.697374105453491211e-01,-6.870462298393249512e-01
-9.999710917472839355e-01,-9.989340901374816895e-01,-9.999950528144836426e-01,-9.999997615814208984e-01,9.999775886535644531e-01,9.999955296516418457e-01,-9.999999403953552246e-01,9.999994635581970215e-01,-1.000000000000000000e+00,-9.999614953994750977e-01,9.716403484344482422e-01,9.999916553497314453e-01,9.999986886978149414e-01,9.994447827339172363e-01,1.672527343034744263e-01
9.993015527725219727e-01,9.971108436584472656e-01,-9.999795556068420410e-01,-9.999932050704956055e-01,9.999775290489196777e-01,9.999895691871643066e-01,-9.999888539314270020e-01,9.999968409538269043e-01,-9.999951124191284180e-01,-9.999925494194030762e-01,9.971181750297546387e-01,-9.999082088470458984e-01,4.266545176506042480e-01,-5.904903411865234375e-01,1.602575182914733887e-01
-9.999639391899108887e-01,-9.988188147544860840e-01,-9.999998211860656738e-01,-9.999997615814208984e-01,9.999952316284179688e-01,9.999969005584716797e-01,-9.999998807907104492e-01,9.999994635581970215e-01,-1.000000000000000000e+00,-9.999910593032836914e-01,9.971311688423156738e-01,9.999886155128479004e-01,9.999923110008239746e-01,9.988743066787719727e-01,-6.954288575798273087e-03
9.993063807487487793e-01,9.979251623153686523e-01,-9.999896883964538574e-01,-9.999928474426269531e-01,9.999950528144836426e-01,9.999921321868896484e-01,-9.999885559082031250e-01,9.999970793724060059e-01,-9.999931454658508301e-01,-9.999952316284179688e-01,9.996188282966613770e-01,-9.999185800552368164e-01,3.197168111801147461e-01,-5.952020883560180664e-01,-1.163530349731445312e-02
-8.091316223144531250e-01,4.611605703830718994e-01,-9.999896883964538574e-01,-9.993622303009033203e-01,9.999950528144836426e-01,9.999514818191528320e-01,-9.985336661338806152e-01,-9.532100558280944824e-01,1.771030426025390625e-01,-9.999669194221496582e-01,9.992316961288452148e-01,-9.960235953330993652e-01,9.977486133575439453e-01,9.934571981430053711e-01,-1.425248384475708008e-02
9.618092775344848633e-01,9.985252022743225098e-01,-9.999896883964538574e-01,-9.993601441383361816e-01,9.999951720237731934e-01,9.999999403953552246e-01,-9.960446357727050781e-01,-9.531996250152587891e-01,3.421578407287597656e-01,-9.999940395355224609e-01,9.984807968139648438e-01,-9.997165203094482422e-01,-7.111124396324157715e-01,-4.375538229942321777e-01,-2.285047769546508789e-01
-8.886366486549377441e-01,-7.816466093063354492e-01,-9.999896883964538574e-01,-9.993106722831726074e-01,9.999951720237731934e-01,9.999648928642272949e-01,-9.999301433563232422e-01,9.958089590072631836e-01,-8.728078007698059082e-01,-9.999979138374328613e-01,9.984840750694274902e-01,-4.978507161140441895e-01,9.999210834503173828e-01,9.840722084045410156e-01,-2.068089246749877930e-01
9.993007183074951172e-01,9.987339973449707031e-01,-9.999896287918090820e-01,-9.993012547492980957e-01,9.999951720237731934e-01,9.999998807907104492e-01,-9.998701214790344238e-01,9.958066940307617188e-01,-8.727011084556579590e-01,-9.999989271163940430e-01,9.984037876129150391e-01,-9.999618530273437500e-01,-6.276135444641113281e-01,-6.051825284957885742e-01,-2.161095142364501953e-01
-4.094412922859191895e-01,4.605517089366912842e-01,-9.999896287918090820e-01,-9.977089166641235352e-01,9.999951720237731934e-01,9.998095035552978516e-01,-9.985335469245910645e-01,-9.742389917373657227e-01,4.392791390419006348e-01,-9.999600052833557129e-01,9.974323511123657227e-01,-9.883663058280944824e-01,9.994856715202331543e-01,9.956650137901306152e-01,-2.175456285476684570e-01
9.130467772483825684e-01,9.964702129364013672e-01,-9.999896287918090820e-01,-9.977049231529235840e-01,9.999953508377075195e-01,9.999997615814208984e-01,-9.870774745941162109e-01,-9.742253422737121582e-01,5.940530896186828613e-01,-9.999923706054687500e-01,9.949046373367309570e-01,-9.995266199111938477e-01,-7.111430764198303223e-01,-4.328175187110900879e-01,-4.186393618583679199e-01
-9.845151901245117188e-01,-9.960424900054931641e-01,-1.000000000000000000e+00,-9.999970793724060059e-01,9.999951124191284180e-01,9.999981522560119629e-01,-9.999989271163940430e-01,-9.992618560791015625e-01,9.999974966049194336e-01,-9.999881386756896973e-01,9.668195247650146484e-01,9.994320273399353027e-01,9.999957680702209473e-01,9.987903833389282227e-01,9.985767006874084473e-01
9.813748598098754883e-01,9.990037083625793457e-01,-9.999988079071044922e-01,-9.999899864196777344e-01,9.999735355377197266e-01,9.999990463256835938e-01,-9.995056390762329102e-01,-9.992617964744567871e-01,9.999816417694091797e-01,-9.999970793724060059e-01,9.803372621536254883e-01,-9.913874864578247070e-01,-3.611913323402404785e-01,-3.586260676383972168e-01,9.320718050003051758e-02
-6.872965097427368164e-01,-8.626899123191833496e-01,-9.999988079071044922e-01,-9.999280571937561035e-01,9.999735355377197266e-01,9.999859333038330078e-01,-9.999301433563232422e-01,9.796259999275207520e-01,-6.525176167488098145e-01,-9.999991655349731445e-01,9.805088639259338379e-01,1.043852567672729492e-01,9.998130798339843750e-01,9.835818409919738770e-01,1.310855150222778320e-01
9.992205500602722168e-01,9.987928271293640137e-01,-9.999979734420776367e-01,-9.999173879623413086e-01,9.999736547470092773e-01,9.999991655349731445e-01,-9.998430013656616211e-01,9.796236753463745117e-01,-6.528596878051757812e-01,-9.999980926513671875e-01,9.906049966812133789e-01,-9.999468326568603516e-01,-3.542560040950775146e-01,-5.458511114120483398e-01,1.105087995529174805e-01
-9.998112320899963379e-01,-9.989338517189025879e-01,-9.999998807907104492e-01,-9.999997615814208984e-01,9.999976754188537598e-01,9.999741315841674805e-01,-9.999998807907104492e-01,9.999994039535522461e-01,-9.999991655349731445e-01,-9.999874830245971680e-01,9.906576275825500488e-01,9.999908804893493652e-01,9.999940991401672363e-01,9.989528059959411621e-01,2.341766506433486938e-01
9.992970824241638184e-01,9.968713521957397461e-01,-9.999804496765136719e-01,-9.999938607215881348e-01,9.999973773956298828e-01,9.999880194664001465e-01,-9.999887943267822266e-01,9.999967813491821289e-01,-9.999946355819702148e-01,-9.999940991401672363e-01,9.986143112182617188e-01,-9.999040961265563965e-01,4.572870731353759766e-01,-5.757313370704650879e-01,2.263132333755493164e-01
-8.083320856094360352e-01,4.618440866470336914e-01,-9.999804496765136719e-01,-9.995143413543701172e-01,9.999973773956298828e-01,9.999516606330871582e-01,-9.985334873199462891e-01,-9.471928477287292480e-01,5.190432071685791016e-03,-9.999673366546630859e-01,9.982494115829467773e-01,-9.970760941505432129e-01,9.959442615509033203e-01,9.921009540557861328e-01,2.212137579917907715e-01
9.666461348533630371e-01,9.978924393653869629e-01,-9.999804496765136719e-01,-9.995127916336059570e-01,9.999973773956298828e-01,9.999998807907104492e-01,-9.964133501052856445e-01,-9.471802711486816406e-01,1.689936518669128418e-01,-9.999930262565612793e-01,9.978733658790588379e-01,-9.996710419654846191e-01,-7.107967138290405273e-01,-4.199991226196289062e-01,-7.440751791000366211e-02
-9.101405143737792969e-01,-7.299550771713256836e-01,-9.999804496765136719e-01,-9.994758367538452148e-01,9.999973773956298828e-01,9.999552965164184570e-01,-9.999302029609680176e-01,9.967318773269653320e-01,-8.728175163269042969e-01,-9.999973773956298828e-01,9.978774785995483398e-01,-6.510394811630249023e-01,9.998909831047058105e-01,9.839630722999572754e-01,-5.575770139694213867e-02
9.992941021919250488e-01,9.983676075935363770e-01,-9.999803900718688965e-01,-9.994677305221557617e-01,9.999973773956298828e-01,9.999998807907104492e-01,-9.998679161071777344e-01,9.967292547225952148e-01,-8.725669384002685547e-01,-9.999988675117492676e-01,9.977812170982360840e-01,-9.999646544456481934e-01,-6.372384428977966309e-01,-5.920229554176330566e-01,-7.036721706390380859e-02
-9.998438954353332520e-01,-9.989563822746276855e-01,-9.999998211860656738e-01,-9.999997019767761230e-01,9.999998211860656738e-01,9.999147653579711914e-01,-9.999998211860656738e-01,9.999994635581970215e-01,-9.999997615814208984e-01,-9.999834895133972168e-01,9.977924227714538574e-01,9.999850988388061523e-01,9.999951124191284180e-01,9.991298913955688477e-01,2.683540880680084229e-01
9.992949366569519043e-01,9.967275857925415039e-01,-9.999781847000122070e-01,-9.999940395355224609e-01,9.999995231628417969e-01,9.999868869781494141e-01,-9.999889135360717773e-01,9.999967813491821289e-01,-9.999954700469970703e-01,-9.999936819076538086e-01,9.992523193359375000e-01,-9.999018907546997070e-01,4.734447002410888672e-01,-5.693001747131347656e-01,2.600027918815612793e-01
-8.077518939971923828e-01,4.619599878787994385e-01,-9.999781847000122070e-01,-9.995344281196594238e-01,9.999995231628417969e-01,9.999511837959289551e-01,-9.985334277153015137e-01,-9.462251663208007812e-01,-1.869869232177734375e-02,-9.999671578407287598e-01,9.988783597946166992e-01,-9.972106218338012695e-01,9.955799579620361328e-01,9.918742179870605469e-01,2.544921934604644775e-01
9.671925306320190430e-01,9.977106451988220215e-01,-9.999781847000122070e-01,-9.995328187942504883e-01,9.999995231628417969e-01,9.999998807907104492e-01,-9.964562654495239258e-01,-9.462122917175292969e-01,1.446687579154968262e-01,-9.999927878379821777e-01,9.985170960426330566e-01,-9.996659755706787109e-01,-7.107402086257934570e-01,-4.172282218933105469e-01,-5.321747064590454102e-02
-9.904413819313049316e-01,-9.958377480506896973e-01,-1.000000000000000000e+00,-9.999989271163940430e-01,9.999991059303283691e-01,9.999929070472717285e-01,-9.999989271163940430e-01,-9.994006752967834473e-01,9.999936819076538086e-01,-9.999825954437255859e-01,9.901545643806457520e-01,9.982254505157470703e-01,9.999918937683105469e-01,9.986096024513244629e-01,9.988961219787597656e-01
9.809244871139526367e-01,9.990408420562744141e-01,-9.999987483024597168e-01,-9.999922513961791992e-01,9.999769926071166992e-01,9.999989867210388184e-01,-9.995134472846984863e-01,-9.994006156921386719e-01,9.999769330024719238e-01,-9.999967217445373535e-01,9.805086851119995117e-01,-9.914139509201049805e-01,-3.667977750301361084e-01,-3.549787402153015137e-01,1.048386096954345703e-01
-6.835042834281921387e-01,-8.618859648704528809e-01,-9.999987483024597168e-01,-9.999313354492187500e-01,9.999769926071166992e-01,9.999856948852539062e-01,-9.999301433563232422e-01,9.798336625099182129e-01,-6.485160589218139648e-01,-9.999991059303283691e-01,9.806743860244750977e-01,9.889882802963256836e-02,9.998101592063903809e-01,9.835688471794128418e-01,1.426024436950683594e-01
9.992178678512573242e-01,9.987826347351074219e-01,-9.999979138374328613e-01,-9.999208450317382812e-01,9.999771118164062500e-01,9.999991059303283691e-01,-9.998413324356079102e-01,9.798312783241271973e-01,-6.488547921180725098e-01,-9.999980926513671875e-01,9.904896616935729980e-01,-9.999467730522155762e-01,-3.530017435550689697e-01,-5.445136427879333496e-01,1.213255524635314941e-01
-9.998084306716918945e-01,-9.989341497421264648e-01,-9.999998807907104492e-01,-9.999997615814208984e-01,9.999979734420776367e-01,9.999740123748779297e-01,-9.999998807907104492e-01,9.999994039535522461e-01,-9.999991059303283691e-01,-9.999874830245971680e-01,9.905421137809753418e-01,9.999908804893493652e-01,9.999940395355224609e-01,9.989442825317382812e-01,2.306322157382965088e-01
9.992972612380981445e-01,9.968891143798828125e-01,-9.999806880950927734e-01,-9.999937415122985840e-01,9.999976754188537598e-01,9.999880790710449219e-01,-9.999887347221374512e-01,9.999967813491821289e-01,-9.999945759773254395e-01,-9.999941587448120117e-01,9.986138939857482910e-01,-9.999043345451354980e-01,4.554297327995300293e-01,-5.761255025863647461e-01,2.228229641914367676e-01
-8.083692789077758789e-01,4.618322253227233887e-01,-9.999806880950927734e-01,-9.995120763778686523e-01,9.999976754188537598e-01,9.999516606330871582e-01,-9.985334873199462891e-01,-9.472892284393310547e-01,7.727026939392089844e-03,-9.999673366546630859e-01,9.982491135597229004e-01,-9.970624446868896484e-01,9.959790706634521484e-01,9.921225905418395996e-01,2.177659273147583008e-01
9.665809273719787598e-01,9.979102611541748047e-01,-9.999806880950927734e-01,-9.995105266571044922e-01,9.999976754188537598e-01,9.999998807907104492e-01,-9.964085817337036133e-01,-9.472766518592834473e-01,1.715857982635498047e-01,-9.999930262565612793e-01,9.978696107864379883e-01,-9.996716976165771484e-01,-7.108023762702941895e-01,-4.202736020088195801e-01,-7.661342620849609375e-02
7.973927855491638184e-01,4.617207944393157959e-01,-9.999806880950927734e-01,-9.985641241073608398e-01,9.999977946281433105e-01,9.999876022338867188e-01,-9.985346198081970215e-01,-9.771552085876464844e-01,8.444589376449584961e-01,-9.999884963035583496e-01,4.424390196800231934e-01,-9.952561855316162109e-01,9.998477697372436523e-01,9.421402812004089355e-01,-1.272887289524078369e-01
9.115017652511596680e-01,2.532322332262992859e-02,-9.999806880950927734e-01,-9.985087513923645020e-01,9.999981522560119629e-01,1.000000000000000000e+00,-3.710681796073913574e-01,-9.770929813385009766e-01,8.601565361022949219e-01,-9.999956488609313965e-01,8.215571045875549316e-01,-9.997564554214477539e-01,-7.076900601387023926e-01,-4.421429336071014404e-01,-6.471369266510009766e-01
-9.894350171089172363e-01,-9.250404834747314453e-01,-9.999806880950927734e-01,-9.920588731765747070e-01,9.999981522560119629e-01,9.999910593032836914e-01,-9.999300837516784668e-01,3.514035344123840332e-01,5.411659479141235352e-01,-9.999992847442626953e-01,8.667583465576171875e-01,5.063990950584411621e-01,9.999593496322631836e-01,9.847041368484497070e-01,-6.085821986198425293e-01
9.987224340438842773e-01,9.999586939811706543e-01,-9.999806284904479980e-01,-9.920193552970886230e-01,9.999986290931701660e-01,9.999999403953552246e-01,-9.997924566268920898e-01,3.514033555984497070e-01,5.415979623794555664e-01,-9.999992847442626953e-01,9.932771921157836914e-01,-9.999480843544006348e-01,-6.030364632606506348e-01,-5.213850736618041992e-01,-6.158316135406494141e-01
7.421905994415283203e-01,4.595638811588287354e-01,-9.999806284904479980e-01,-9.878311753273010254e-01,9.999986290931701660e-01,9.999818801879882812e-01,-9.985345602035522461e-01,-9.450608491897583008e-01,8.958711028099060059e-01,-9.999911189079284668e-01,4.667804539203643799e-01,-9.860650300979614258e-01,9.998819828033447266e-01,9.466785192489624023e-01,-6.086157560348510742e-01
9.130061268806457520e-01,-1.396043002605438232e-01,-9.999806284904479980e-01,-9.877588152885437012e-01,9.999990463256835938e-01,1.000000000000000000e+00,-4.337106347084045410e-01,-9.450147747993469238e-01,9.128898382186889648e-01,-9.999971985816955566e-01,9.058783650398254395e-01,-9.996815323829650879e-01,-7.063871622085571289e-01,-4.733654856681823730e-01,-7.253711223602294922e-01
-1.187373995780944824e-01,4.594982862472534180e-01,-9.999806284904479980e-01,-9.740973114967346191e-01,9.999998211860656738e-01,9.999981522560119629e-01,-9.985345005989074707e-01,-9.532233476638793945e-01,9.191976189613342285e-01,-9.999955296516418457e-01,-9.702951312065124512e-01,-9.876387715339660645e-01,9.999377727508544922e-01,9.450208544731140137e-01,-6.643817424774169922e-01
9.851465821266174316e-01,-9.972062706947326660e-01,-9.999806284904479980e-01,-9.712609648704528809e-01,1.000000000000000000e+00,1.000000000000000000e+00,-9.522948861122131348e-01,-9.532459974288940430e-01,9.193049669265747070e-01,-9.999989867210388184e-01,-1.094477176666259766e-01,-9.998102784156799316e-01,-7.101585268974304199e-01,-5.725401639938354492e-01,-7.559089064598083496e-01
-9.998632073402404785e-01,-9.984546899795532227e-01,-9.999806284904479980e-01,-6.212087869644165039e-01,1.000000000000000000e+00,9.999940991401672363e-01,-9.999301433563232422e-01,1.178758144378662109e-01,9.185864329338073730e-01,-9.999998807907104492e-01,5.649675130844116211e-01,7.266136407852172852e-01,9.999569654464721680e-01,9.855180382728576660e-01,-5.327860116958618164e-01
9.985098838806152344e-01,9.998206496238708496e-01,-9.999806284904479980e-01,-6.211284995079040527e-01,9.999998211860656738e-01,9.999999403953552246e-01,-9.997688531875610352e-01,1.178756356239318848e-01,9.185595512390136719e-01,-9.999992847442626953e-01,9.859302639961242676e-01,-9.999117851257324219e-01,-4.289856255054473877e-01,-5.339658856391906738e-01,-5.488344430923461914e-01
8.438875675201416016e-01,4.594475924968719482e-01,-9.999806284904479980e-01,-6.178134083747863770e-01,9.999998211860656738e-01,9.999956488609313965e-01,-9.985345602035522461e-01,-9.437513351440429688e-01,9.651841521263122559e-01,-9.999938607215881348e-01,7.407778501510620117e-02,-9.867212772369384766e-01,9.998890161514282227e-01,9.442567825317382812e-01,-5.426309704780578613e-01
9.575467109680175781e-01,-9.931136965751647949e-01,-9.999806284904479980e-01,-6.176396608352661133e-01,9.999998807907104492e-01,1.000000000000000000e+00,-3.547566533088684082e-01,-9.436434507369995117e-01,9.660145640373229980e-01,-9.999982118606567383e-01,8.044757246971130371e-01,-9.995959401130676270e-01,-7.044991850852966309e-01,-4.964020848274230957e-01,-7.143455743789672852e-01
-8.888898491859436035e-01,4.527744054794311523e-01,-9.999806284904479980e-01,-5.845160484313964844e-01,1.000000000000000000e+00,9.999994039535522461e-01,-9.985345005989074707e-01,-9.447094798088073730e-01,9.660532474517822266e-01,-9.999975562095642090e-01,-9.946847558021545410e-01,-9.897227287292480469e-01,9.997848868370056152e-01,9.468673467636108398e-01,-6.470680236816406250e-01
9.943749308586120605e-01,-9.936984777450561523e-01,-9.999806284904479980e-01,-5.830932855606079102e-01,1.000000000000000000e+00,1.000000000000000000e+00,-9.951676130294799805e-01,-9.447239041328430176e-01,9.660639166831970215e-01,-9.999994635581970215e-01,-7.377154827117919922e-01,-9.997574090957641602e-01,-7.095955014228820801e-01,-6.468747258186340332e-01,-7.298542857170104980e-01
-9.998830556869506836e-01,9.767567515373229980e-01,-9.999965429306030273e-01,9.999991655349731445e-01,-9.951549768447875977e-01,1.000000000000000000e+00,9.926348924636840820e-01,-9.987358450889587402e-01,9.660648703575134277e-01,-9.999886155128479004e-01,-9.999977946281433105e-01,-9.999999403953552246e-01,9.999668002128601074e-01,9.993540644645690918e-01,-9.999995231628417969e-01
9.643368721008300781e-01,8.203191757202148438e-01,-9.999965429306030273e-01,9.999991655349731445e-01,9.988516569137573242e-01,9.999998807907104492e-01,9.926261901855468750e-01,-9.983600974082946777e-01,9.660701155662536621e-01,-9.999834895133972168e-01,-9.761691093444824219e-01,-9.999647736549377441e-01,-6.151787042617797852e-01,-9.353421926498413086e-01,-9.874744415283203125e-01
-9.909095168113708496e-01,1.574534177780151367e-01,-9.999965429306030273e-01,9.999760389328002930e-01,9.990272521972656250e-01,9.999979138374328613e-01,-9.999324679374694824e-01,9.925237894058227539e-01,9.653657078742980957e-01,-9.999980330467224121e-01,-8.508075475692749023e-01,-9.189192652702331543e-01,9.995505809783935547e-01,9.135606884956359863e-01,-9.782028794288635254e-01
9.990376830101013184e-01,-9.934465885162353516e-01,-9.999965429306030273e-01,9.999760985374450684e-01,9.992603659629821777e-01,1.000000000000000000e+00,-9.997755885124206543e-01,9.920988678932189941e-01,9.653658270835876465e-01,-9.999997615814208984e-01,-7.965013980865478516e-01,-9.999644160270690918e-01,-4.269284009933471680e-01,-9.892770051956176758e-01,-9.735372066497802734e-01
-9.999923706054687500e-01,8.158005475997924805e-01,-9.999999403953552246e-01,1.000000000000000000e+00,1.000000000000000000e+00,1.000000000000000000e+00,-9.999444484710693359e-01,9.638749957084655762e-01,9.653658270835876465e-01,-9.974355697631835938e-01,-9.999934434890747070e-01,-9.999989867210388184e-01,9.968143701553344727e-01,8.911347985267639160e-01,-9.999917149543762207e-01
9.976112842559814453e-01,-9.849127531051635742e-01,-9.999999403953552246e-01,1.000000000000000000e+00,1.000000000000000000e+00,1.000000000000000000e+00,-9.997437000274658203e-01,9.591621756553649902e-01,9.653667211532592773e-01,-9.999837875366210938e-01,-9.883362650871276855e-01,-9.999547600746154785e-01,-5.801000595092773438e-01,-9.864506721496582031e-01,-9.953125119209289551e-01
-9.985580444335937500e-01,4.346943497657775879e-01,-9.999999403953552246e-01,1.000000000000000000e+00,1.000000000000000000e+00,9.999995827674865723e-01,-9.985346198081970215e-01,-7.672114968299865723e-01,9.653667211532592773e-01,-9.999948740005493164e-01,-9.987243413925170898e-01,-9.959240555763244629e-01,9.516896605491638184e-01,7.038237452507019043e-01,-9.677726030349731445e-01
9.975425004959106445e-01,-8.543531894683837891e-01,-9.999999403953552246e-01,1.000000000000000000e+00,1.000000000000000000e+00,1.000000000000000000e+00,-9.959778189659118652e-01,-7.676260471343994141e-01,9.653674364089965820e-01,-9.999996423721313477e-01,-8.975270986557006836e-01,-9.992815256118774414e-01,-6.897399425506591797e-01,-9.906821250915527344e-01,-9.347472190856933594e-01
-9.999650716781616211e-01,-9.836438894271850586e-01,-9.999999403953552246e-01,9.999999403953552246e-01,1.000000000000000000e+00,9.999988675117492676e-01,-9.999316334724426270e-01,9.881947636604309082e-01,9.653645157814025879e-01,-9.999999403953552246e-01,-5.662225484848022461e-01,-6.103160381317138672e-01,9.986997842788696289e-01,9.389610290527343750e-01,-8.752776980400085449e-01
9.993210434913635254e-01,-9.999262094497680664e-01,-9.999999403953552246e-01,9.999999403953552246e-01,1.000000000000000000e+00,1.000000000000000000e+00,-9.998378157615661621e-01,9.881878495216369629e-01,9.653645157814025879e-01,-9.999998807907104492e-01,1.091196537017822266e-01,-9.999743700027465820e-01,2.289415597915649414e-01,-9.919334650039672852e-01,-8.726324439048767090e-01
-9.999880194664001465e-01,8.159419894218444824e-01,-1.000000000000000000e+00,1.000000000000000000e+00,1.000000000000000000e+00,1.000000000000000000e+00,-9.999444484710693359e-01,9.656604528427124023e-01,9.653644561767578125e-01,-9.969117641448974609e-01,-9.999780058860778809e-01,-9.999990463256835938e-01,9.988154172897338867e-01,9.515725970268249512e-01,-9.999067783355712891e-01
9.976974129676818848e-01,-9.850842356681823730e-01,-1.000000000000000000e+00,1.000000000000000000e+00,1.000000000000000000e+00,1.000000000000000000e+00,-9.997832179069519043e-01,9.612702131271362305e-01,9.653652906417846680e-01,-9.999814629554748535e-01,-9.884650111198425293e-01,-9.999585151672363281e-01,-5.736506581306457520e-01,-9.853430390357971191e-01,-9.953906536102294922e-01
-9.999927878379821777e-01,8.157269358634948730e-01,-1.000000000000000000e+00,1.000000000000000000e+00,1.000000000000000000e+00,1.000000000000000000e+00,-9.999444484710693359e-01,9.636470675468444824e-01,9.653652906417846680e-01,-9.975398182868957520e-01,-9.999995827674865723e-01,-9.999989867210388184e-01,9.963782429695129395e-01,8.717116117477416992e-01,-9.999984502792358398e-01
9.975834488868713379e-01,-9.848645925521850586e-01,-1.000000000000000000e+00,1.000000000000000000e+00,1.000000000000000000e+00,1.000000000000000000e+00,-9.997292757034301758e-01,9.588285088539123535e-01,9.653661847114562988e-01,-9.999842047691345215e-01,-9.882982373237609863e-01,-9.999535083770751953e-01,-5.820376873016357422e-01,-9.867907166481018066e-01,-9.952677488327026367e-01
-9.999934434890747070e-01,-9.998283982276916504e-01,-1.000000000000000000e+00,9.999998807907104492e-01,1.000000000000000000e+00,9.999980330467224121e-01,-9.999301433563232422e-01,9.974765777587890625e-01,9.653657078742980957e-01,-9.999997615814208984e-01,-8.499495983123779297e-01,9.954914450645446777e-01,9.868876934051513672e-01,9.109408259391784668e-01,-9.856072068214416504e-01
9.993193149566650391e-01,-9.998239278793334961e-01,-1.000000000000000000e+00,9.999998807907104492e-01,9.999998807907104492e-01,1.000000000000000000e+00,-9.998976588249206543e-01,9.974563121795654297e-01,9.653657078742980957e-01,-9.999993443489074707e-01,9.647015929222106934e-01,-9.999566078186035156e-01,9.239864349365234375e-01,-9.891793727874755859e-01,-9.834886789321899414e-01
9.844045639038085938e-01,-9.904974102973937988e-01,-1.000000000000000000e+00,9.999997615814208984e-01,9.999998807907104492e-01,1.000000000000000000e+00,9.973825216293334961e-01,9.970643520355224609e-01,9.654021263122558594e-01,-9.999998807907104492e-01,-8.077213764190673828e-01,7.603414058685302734e-01,9.994248747825622559e-01,9.271936416625976562e-01,-9.973399639129638672e-01
9.993290305137634277e-01,-9.997715353965759277e-01,-1.000000000000000000e+00,9.999997615814208984e-01,9.999998211860656738e-01,9.999999403953552246e-01,9.971157312393188477e-01,9.970628023147583008e-01,9.654021263122558594e-01,-9.999937415122985840e-01,9.796720147132873535e-01,-9.991544485092163086e-01,9.694097042083740234e-01,-9.222803711891174316e-01,-9.942455291748046875e-01
-9.944944381713867188e-01,4.547471404075622559e-01,-1.000000000000000000e+00,9.999997019767761230e-01,9.999998807907104492e-01,9.999999403953552246e-01,-9.982059001922607422e-01,9.968677163124084473e-01,9.654028415679931641e-01,-9.999982714653015137e-01,-9.937092065811157227e-01,-9.875404238700866699e-01,9.988929629325866699e-01,8.588836193084716797e-01,-9.934695959091186523e-01
9.987441897392272949e-01,-9.891629219055175781e-01,-1.000000000000000000e+00,9.999997019767761230e-01,9.999998807907104492e-01,1.000000000000000000e+00,-9.980007410049438477e-01,9.954236745834350586e-01,9.654030799865722656e-01,-9.999996423721313477e-01,-9.685077071189880371e-01,-9.999613761901855469e-01,-5.127429962158203125e-01,-9.897292256355285645e-01,-9.882069230079650879e-01
-9.986724853515625000e-01,4.365849792957305908e-01,-1.000000000000000000e+00,1.000000000000000000e+00,1.000000000000000000e+00,9.999997019767761230e-01,-9.985346198081970215e-01,-7.165505886077880859e-01,9.654030799865722656e-01,-9.999979734420776367e-01,-9.966483116149902344e-01,-9.961814284324645996e-01,9.509108662605285645e-01,6.729660034179687500e-01,-9.626048803329467773e-01
9.975223541259765625e-01,-8.624780774116516113e-01,-1.000000000000000000e+00,1.000000000000000000e+00,1.000000000000000000e+00,1.000000000000000000e+00,-9.958288073539733887e-01,-7.171569466590881348e-01,9.654037356376647949e-01,-9.999997019767761230e-01,-9.002934694290161133e-01,-9.994259476661682129e-01,-6.888102293014526367e-01,-9.911103844642639160e-01,-9.314489960670471191e-01
-9.999330043792724609e-01,9.758049845695495605e-01,-1.000000000000000000e+00,1.000000000000000000e+00,-9.951764941215515137e-01,1.000000000000000000e+00,9.926348924636840820e-01,-9.997286796569824219e-01,9.654037952423095703e-01,-9.999661445617675781e-01,-9.999966025352478027e-01,-9.999988079071044922e-01,9.995849728584289551e-01,9.973173141479492188e-01,-9.999996423721313477e-01
9.643904566764831543e-01,8.199558258056640625e-01,-1.000000000000000000e+00,1.000000000000000000e+00,9.988535046577453613e-01,9.999998807907104492e-01,9.926261305809020996e-01,-9.993519783020019531e-01,9.654091000556945801e-01,-9.999834895133972168e-01,-9.761193394660949707e-01,-9.999638795852661133e-01,-6.153600215911865234e-01,-9.355508685111999512e-01,-9.874488711357116699e-01
-9.816931486129760742e-01,9.755660891532897949e-01,-1.000000000000000000e+00,1.000000000000000000e+00,-9.949833750724792480e-01,1.000000000000000000e+00,9.926348924636840820e-01,-9.999934434890747070e-01,9.654229879379272461e-01,-9.999303817749023438e-01,-9.999974966049194336e-01,-9.999994635581970215e-01,9.998693466186523438e-01,9.924582839012145996e-01,-9.999994039535522461e-01
9.634022712707519531e-01,8.199305534362792969e-01,-1.000000000000000000e+00,1.000000000000000000e+00,9.988550543785095215e-01,9.999998807907104492e-01,9.926254749298095703e-01,-9.996075630187988281e-01,9.654283523559570312e-01,-9.999832510948181152e-01,-9.753037691116333008e-01,-9.999642372131347656e-01,-6.156125664710998535e-01,-9.355317950248718262e-01,-9.872434735298156738e-01
-9.817044138908386230e-01,9.755666851997375488e-01,-1.000000000000000000e+00,1.000000000000000000e+00,-9.949831962585449219e-01,1.000000000000000000e+00,9.926348924636840820e-01,-9.999935626983642578e-01,9.654422402381896973e-01,-9.999301433563232422e-01,-9.999974370002746582e-01,-9.999994635581970215e-01,9.998694062232971191e-01,9.924682974815368652e-01,-9.999994039535522461e-01
9.634016752243041992e-01,8.199234008789062500e-01,-1.000000000000000000e+00,1.000000000000000000e+00,9.988550543785095215e-01,9.999998807907104492e-01,9.926254749298095703e-01,-9.996075630187988281e-01,9.654476046562194824e-01,-9.999832510948181152e-01,-9.753036499023437500e-01,-9.999642372131347656e-01,-6.156126260757446289e-01,-9.355310797691345215e-01,-9.872434139251708984e-01
-9.909265637397766113e-01,1.582758426666259766e-01,-1.000000000000000000e+00,9.999766945838928223e-01,9.990301132202148438e-01,9.999979138374328613e-01,-9.999324679374694824e-01,9.925158023834228516e-01,9.647422432899475098e-01,-9.999980330467224121e-01,-8.500897288322448730e-01,-9.194331765174865723e-01,9.995511770248413086e-01,9.139639735221862793e-01,-9.779738783836364746e-01
9.990371465682983398e-01,-9.934350252151489258e-01,-1.000000000000000000e+00,9.999767541885375977e-01,9.992618560791015625e-01,1.000000000000000000e+00,-9.997758865356445312e-01,9.920901656150817871e-01,9.647423624992370605e-01,-9.999997615814208984e-01,-7.960305809974670410e-01,-9.999644160270690918e-01,-4.273028075695037842e-01,-9.892592430114746094e-01,-9.733194112777709961e-01
-9.984923005104064941e-01,4.411630928516387939e-01,-1.000000000000000000e+00,9.999969601631164551e-01,9.998881816864013672e-01,9.999997019767761230e-01,-9.985346794128417969e-01,-5.976769328117370605e-01,9.647423624992370605e-01,-9.999982714653015137e-01,-9.802658557891845703e-01,-9.963071942329406738e-01,9.574150443077087402e-01,7.410361766815185547e-01,-9.520070552825927734e-01
9.976687431335449219e-01,-8.846112489700317383e-01,-1.000000000000000000e+00,9.999969601631164551e-01,9.999716281890869141e-01,1.000000000000000000e+00,-9.966861009597778320e-01,-5.985594987869262695e-01,9.647430181503295898e-01,-9.999997019767761230e-01,-8.960220813751220703e-01,-9.996454715728759766e-01,-6.841588616371154785e-01,-9.901650547981262207e-01,-9.267901778221130371e-01
-9.999709725379943848e-01,-9.896211624145507812e-01,-1.000000000000000000e+00,9.999989867210388184e-01,9.999781250953674316e-01,9.999987483024597168e-01,-9.999317526817321777e-01,9.865225553512573242e-01,9.647406339645385742e-01,-9.999999403953552246e-01,-5.891162753105163574e-01,-3.293846249580383301e-01,9.983133673667907715e-01,9.377549886703491211e-01,-8.765957951545715332e-01
9.993195533752441406e-01,-9.999303221702575684e-01,-1.000000000000000000e+00,9.999989867210388184e-01,9.999918341636657715e-01,1.000000000000000000e+00,-9.998549222946166992e-01,9.865145087242126465e-01,9.647406339645385742e-01,-9.999998211860656738e-01,4.198722243309020996e-01,-9.999678730964660645e-01,4.474510550498962402e-01,-9.911530613899230957e-01,-8.743429183959960938e-01
-9.999870657920837402e-01,-9.956124424934387207e-01,-1.000000000000000000e+00,9.999975562095642090e-01,9.999918341636657715e-01,9.999998211860656738e-01,-9.999315738677978516e-01,9.897900819778442383e-01,9.647158384323120117e-01,-1.000000000000000000e+00,5.030285120010375977e-01,9.981798529624938965e-01,9.974351525306701660e-01,9.754598736763000488e-01,-8.722780346870422363e-01
9.991057515144348145e-01,6.437522172927856445e-02,-1.000000000000000000e+00,9.999975562095642090e-01,9.999952912330627441e-01,1.000000000000000000e+00,-9.999044537544250488e-01,9.897875785827636719e-01,9.647145867347717285e-01,-9.999994635581970215e-01,9.870949387550354004e-01,-9.999544620513916016e-01,8.622430562973022461e-01,-9.508579373359680176e-01,-8.719910979270935059e-01
-9.181244969367980957e-01,4.585516452789306641e-01,-1.000000000000000000e+00,9.999954700469970703e-01,9.999953508377075195e-01,1.000000000000000000e+00,-9.985347390174865723e-01,1.643776893615722656e-01,9.647641777992248535e-01,-9.999990463256835938e-01,-5.020024776458740234e-01,-9.973386526107788086e-01,9.994425177574157715e-01,9.370271563529968262e-01,-8.704113364219665527e-01
9.971387982368469238e-01,-9.798329472541809082e-01,-1.000000000000000000e+00,9.999954700469970703e-01,9.999964833259582520e-01,1.000000000000000000e+00,-9.980438351631164551e-01,1.636226773262023926e-01,9.647658467292785645e-01,-9.999997019767761230e-01,-4.626170992851257324e-01,-9.999685883522033691e-01,-6.468744874000549316e-01,-9.786653518676757812e-01,-8.663063645362854004e-01
-9.942429661750793457e-01,4.108310043811798096e-01,-1.000000000000000000e+00,9.999983310699462891e-01,9.999997019767761230e-01,9.999995827674865723e-01,-9.985350966453552246e-01,-8.582875728607177734e-01,9.647659063339233398e-01,-9.999982714653015137e-01,-9.674101471900939941e-01,-9.962533116340637207e-01,9.852551221847534180e-01,9.377803206443786621e-01,-8.312981128692626953e-01
9.976923465728759766e-01,-8.191772103309631348e-01,-1.000000000000000000e+00,9.999983310699462891e-01,9.999999403953552246e-01,1.000000000000000000e+00,-9.974080920219421387e-01,-8.583796620368957520e-01,9.647664427757263184e-01,-9.999997615814208984e-01,-8.806542754173278809e-01,-9.991361498832702637e-01,-6.834037303924560547e-01,-9.851863980293273926e-01,-8.210478425025939941e-01
-9.999074935913085938e-01,9.754056334495544434e-01,-1.000000000000000000e+00,1.000000000000000000e+00,-9.952904582023620605e-01,1.000000000000000000e+00,9.926348924636840820e-01,-9.998921155929565430e-01,9.647665023803710938e-01,-9.999687075614929199e-01,-9.999951124191284180e-01,-9.999963045120239258e-01,9.996187090873718262e-01,9.976198077201843262e-01,-9.999992251396179199e-01
9.644809961318969727e-01,8.198717832565307617e-01,-1.000000000000000000e+00,1.000000000000000000e+00,9.988542795181274414e-01,9.999998807907104492e-01,9.926261305809020996e-01,-9.995155334472656250e-01,9.647719264030456543e-01,-9.999834895133972168e-01,-9.761177301406860352e-01,-9.999617338180541992e-01,-6.152876019477844238e-01,-9.355468750000000000e-01,-9.874526262283325195e-01
-9.909332990646362305e-01,1.593505144119262695e-01,-1.000000000000000000e+00,9.999767541885375977e-01,9.990296363830566406e-01,9.999979138374328613e-01,-9.999324679374694824e-01,9.925345182418823242e-01,9.640681147575378418e-01,-9.999980330467224121e-01,-8.507060408592224121e-01,-9.195057749748229980e-01,9.995508790016174316e-01,9.138492345809936523e-01,-9.781759381294250488e-01
9.990369081497192383e-01,-9.934112429618835449e-01,-1.000000000000000000e+00,9.999768137931823730e-01,9.992613196372985840e-01,1.000000000000000000e+00,-9.997758865356445312e-01,9.921063184738159180e-01,9.640682339668273926e-01,-9.999997615814208984e-01,-7.967986464500427246e-01,-9.999644160270690918e-01,-4.275463521480560303e-01,-9.892618060111999512e-01,-9.735198020935058594e-01
-9.999931454658508301e-01,-9.998767375946044922e-01,-1.000000000000000000e+00,9.999948143959045410e-01,9.992753267288208008e-01,9.999986290931701660e-01,-9.999302625656127930e-01,9.985998272895812988e-01,9.640674591064453125e-01,-9.999999403953552246e-01,-6.603094935417175293e-01,9.965041279792785645e-01,9.884415864944458008e-01,9.229269027709960938e-01,-9.659101963043212891e-01
9.993064999580383301e-01,-9.993232488632202148e-01,-1.000000000000000000e+00,9.999948143959045410e-01,9.999064803123474121e-01,1.000000000000000000e+00,-9.998989105224609375e-01,9.985848069190979004e-01,9.640674591064453125e-01,-9.999993443489074707e-01,9.677178859710693359e-01,-9.999567270278930664e-01,9.191845655441284180e-01,-9.866222739219665527e-01,-9.642946720123291016e-01
-9.999848604202270508e-01,-9.840202331542968750e-01,-1.000000000000000000e+00,9.999932050704956055e-01,9.999065399169921875e-01,9.999999403953552246e-01,-9.999318122863769531e-01,9.986145496368408203e-01,9.639341235160827637e-01,-1.000000000000000000e+00,9.748927950859069824e-01,9.988849759101867676e-01,9.997462630271911621e-01,9.812160134315490723e-01,-9.632596373558044434e-01
9.989081621170043945e-01,9.278831481933593750e-01,-1.000000000000000000e+00,9.999932050704956055e-01,9.999327063560485840e-01,1.000000000000000000e+00,-9.999045729637145996e-01,9.986130595207214355e-01,9.639182090759277344e-01,-9.999995231628417969e-01,9.955270290374755859e-01,-9.999561905860900879e-01,7.914855480194091797e-01,-8.296795487403869629e-01,-9.629435539245605469e-01
-9.994807839393615723e-01,-9.964026808738708496e-01,-1.000000000000000000e+00,-9.985184669494628906e-01,9.999327063560485840e-01,1.000000000000000000e+00,-9.999989271163940430e-01,-9.971235394477844238e-01,9.999718666076660156e-01,-9.999988079071044922e-01,9.831678271293640137e-01,9.999991655349731445e-01,9.999558925628662109e-01,9.989984035491943359e-01,8.242618441581726074e-01
9.839475154876708984e-01,9.992734193801879883e-01,-9.999992251396179199e-01,-9.985108971595764160e-01,9.999405741691589355e-01,9.999992847442626953e-01,-9.995229244232177734e-01,-9.971234798431396484e-01,9.999520182609558105e-01,-9.999980330467224121e-01,9.807513356208801270e-01,-9.924739599227905273e-01,-4.273645579814910889e-01,-3.773621320724487305e-01,9.005248546600341797e-02
9.418104887008666992e-01,4.598304629325866699e-01,-9.999992251396179199e-01,-9.970385432243347168e-01,9.999451637268066406e-01,9.999954104423522949e-01,-9.985346198081970215e-01,-9.770705103874206543e-01,9.968784451484680176e-01,-9.999947547912597656e-01,-1.909130811691284180e-02,-9.899017214775085449e-01,9.997870922088623047e-01,9.404950737953186035e-01,-6.560540199279785156e-02
